<code_scheme name="Default" version="173">
  <Objective-C>
    <option name="NAMESPACE_BRACE_PLACEMENT" value="2" />
    <option name="FUNCTION_BRACE_PLACEMENT" value="2" />
    <option name="BLOCK_BRACE_PLACEMENT" value="3" />
    <option name="CLASS_CONSTRUCTOR_INIT_LIST_NEW_LINE_BEFORE_COLON" value="1" />
    <option name="INSERT_VIRTUAL_WITH_OVERRIDE" value="true" />
  </Objective-C>
  <Objective-C-extensions>
    <extensions>
      <pair source="cpp" header="h" fileNamingConvention="PASCAL_CASE" />
      <pair source="c" header="h" fileNamingConvention="NONE" />
    </extensions>
  </Objective-C-extensions>
  <codeStyleSettings language="ObjectiveC">
    <option name="BRACE_STYLE" value="2" />
    <option name="CLASS_BRACE_STYLE" value="2" />
    <option name="ELSE_ON_NEW_LINE" value="true" />
    <option name="CATCH_ON_NEW_LINE" value="true" />
  </codeStyleSettings>
</code_scheme>